{
    "openapi": "3.0.0",
    "info": {
        "title": "Contoh API documentation",
        "description": "Contoh API doc menggunakan OpenAPI/Swagger",
        "termsOfService": "http://swagger.io/terms/",
        "contact": {
            "email": "choirudin.emchagmail.com"
        },
        "license": {
            "name": "Apache 2.0",
            "url": "http://www.apache.org/licenses/LICENSE-2.0.html"
        },
        "version": "0.0.1"
    },
    "paths": {
        "/api/gallery": {
            "get": {
                "tags": [
                    "gallery"
                ],
                "summary": "Returns a List Of Pictures",
                "description": "Returns a List Of Pictures",
                "operationId": "getAllGallery",
                "responses": {
                    "default": {
                        "description": "successful operation"
                    }
                }
            }
        },
        "/api/greet": {
            "get": {
                "tags": [
                    "greeting"
                ],
                "summary": "Returns a Sample API response",
                "description": "A sample greeting to test out the API",
                "operationId": "greet",
                "parameters": [
                    {
                        "name": "firstname",
                        "in": "query",
                        "description": "nama depan",
                        "required": true,
                        "schema": {
                            "type": "string"
                        }
                    },
                    {
                        "name": "lastname",
                        "in": "query",
                        "description": "nama belakang",
                        "required": true,
                        "schema": {
                            "type": "string"
                        }
                    }
                ],
                "responses": {
                    "default": {
                        "description": "successful operation"
                    }
                }
            }
        }
    }
}